{
  "train_losses": [
    -0.3406783079567809,
    -0.35791831275525565
  ],
  "val_losses": [
    {
      "val_loss": -0.19046608069140442,
      "PCC": 0.8773066147117857,
      "JSS": 0.9439772006812369,
      "MSE": 0.010863570365936133,
      "NSS": 0.5550713998496912,
      "AUC_Judd": 0.9494545072506947
    },
    {
      "val_loss": -0.17748302581963266,
      "PCC": 0.8751002223628341,
      "JSS": 0.9441728459042349,
      "MSE": 0.011260908533030065,
      "NSS": 0.5396090062560549,
      "AUC_Judd": 0.9499792331343244
    }
  ],
  "config_name": "baseline_combined",
  "start_epoch": 10,
  "resumed_from": "checkpoints/best_model_baseline_combined_20260718_210302.pth",
  "best_val_loss": -0.19062934379289104,
  "early_stopped": true
}