{
  "train_losses": [
    0.006790645566349403,
    0.006621052793706187,
    0.006557775052865378
  ],
  "val_losses": [
    {
      "val_loss": 0.00783819920875749,
      "PCC": 0.8808438853853068,
      "JSS": 0.9317267070150679,
      "MSE": 0.00783819920875749,
      "NSS": 0.5488239801993036,
      "AUC_Judd": 0.9499213471534146
    },
    {
      "val_loss": 0.009244065242374588,
      "PCC": 0.8707057814689199,
      "JSS": 0.9293670027878633,
      "MSE": 0.009244065242374588,
      "NSS": 0.5290038171847156,
      "AUC_Judd": 0.9445799391740447
    },
    {
      "val_loss": 0.007904800894865944,
      "PCC": 0.8803185588994603,
      "JSS": 0.9308747037960465,
      "MSE": 0.007904800894865944,
      "NSS": 0.5742589897790532,
      "AUC_Judd": 0.9501725040423642
    }
  ],
  "config_name": "transformer",
  "start_epoch": 10,
  "resumed_from": "checkpoints/best_model_transformer_20260715_154215.pth",
  "best_val_loss": 0.00783819920875749,
  "early_stopped": true
}