{
  "train_losses": [
    0.006833561444684815,
    0.0066516815711515015
  ],
  "val_losses": [
    {
      "val_loss": 0.008827712618194188,
      "PCC": 0.873588033922159,
      "JSS": 0.9223102741180711,
      "MSE": 0.008827712618194188,
      "NSS": 0.5111052395811506,
      "AUC_Judd": 0.9446868289048505
    },
    {
      "val_loss": 0.00853050878615516,
      "PCC": 0.8718634498347143,
      "JSS": 0.9318001095656376,
      "MSE": 0.00853050878615516,
      "NSS": 0.5054238560093436,
      "AUC_Judd": 0.9464629949278133
    }
  ],
  "config_name": "transformer",
  "start_epoch": 10,
  "resumed_from": "checkpoints/best_model_transformer_20260715_154215.pth",
  "best_val_loss": 0.007883557073985505,
  "early_stopped": true
}